Xiaomi xiaomi Mi A2,,,,,,,
Time Stamp,SSID,BSSID,Strength,Primary Frequency,Distance,802.11mc,Security
2020/02/16-12:42:14,BPGC-NAB,00:a3:8e:4e:29:a0,-56dBm,2412MHz,~6.2m,FALSE,[ESS][WFA-HT]
2020/02/16-12:42:14,BPGC-NAB,08:4f:a9:30:00:00,-60dBm,2437MHz,~9.8m,FALSE,[ESS][WFA-HT]
2020/02/16-12:42:14,BPGC-NAB,08:4f:a9:39:68:20,-67dBm,2437MHz,~21.9m,FALSE,[ESS][WFA-HT]
2020/02/16-12:42:14,BPGC-NAB,08:4f:a9:39:68:40,-54dBm,2462MHz,~4.9m,FALSE,[ESS][WFA-HT]
2020/02/16-12:42:14,BPGC-NAB,08:4f:a9:39:6a:40,-56dBm,2462MHz,~6.1m,FALSE,[ESS][WFA-HT]
2020/02/16-12:42:14,BPGC-NAB,70:ea:1a:22:9f:20,-55dBm,2462MHz,~5.4m,FALSE,[ESS][WFA-HT]
2020/02/16-12:42:14,sks,88:63:df:bb:74:a5,-79dBm,2462MHz,~86.3m,FALSE,[WPA2-PSK-CCMP][RSN-PSK-CCMP][ESS][WFA-HT]
2020/02/16-12:42:14,DIRECT-1D-HP DeskJet 2600 series,ac:e2:d3:b6:ba:1e,-63dBm,2437MHz,~13.8m,FALSE,[WPA2-PSK-CCMP][RSN-PSK-CCMP][ESS][WPS][WFA-HT]
2020/02/16-12:42:15,BPGC-NAB,00:a3:8e:4e:29:a0,-56dBm,2412MHz,~6.2m,FALSE,[ESS][WFA-HT]
2020/02/16-12:42:15,BPGC-NAB,08:4f:a9:30:00:00,-71dBm,2437MHz,~34.7m,FALSE,[ESS][WFA-HT]
2020/02/16-12:42:15,BPGC-NAB,08:4f:a9:39:68:20,-67dBm,2437MHz,~21.9m,FALSE,[ESS][WFA-HT]
2020/02/16-12:42:15,BPGC-NAB,08:4f:a9:39:68:40,-52dBm,2462MHz,~3.9m,FALSE,[ESS][WFA-HT]
2020/02/16-12:42:15,BPGC-NAB,08:4f:a9:39:6a:40,-43dBm,2462MHz,~1.4m,FALSE,[ESS][WFA-HT]
2020/02/16-12:42:15,BPGC-NAB,70:ea:1a:22:9f:20,-55dBm,2462MHz,~5.4m,FALSE,[ESS][WFA-HT]
2020/02/16-12:42:15,sks,88:63:df:bb:74:a5,-82dBm,2462MHz,~122.0m,FALSE,[WPA2-PSK-CCMP][RSN-PSK-CCMP][ESS][WFA-HT]
2020/02/16-12:42:15,DIRECT-1D-HP DeskJet 2600 series,ac:e2:d3:b6:ba:1e,-64dBm,2437MHz,~15.5m,FALSE,[WPA2-PSK-CCMP][RSN-PSK-CCMP][ESS][WPS][WFA-HT]
2020/02/16-12:42:16,BPGC-NAB,00:a3:8e:4e:29:a0,-56dBm,2412MHz,~6.2m,FALSE,[ESS][WFA-HT]
2020/02/16-12:42:16,BPGC-NAB,08:4f:a9:30:00:00,-71dBm,2437MHz,~34.7m,FALSE,[ESS][WFA-HT]
2020/02/16-12:42:16,BPGC-NAB,08:4f:a9:39:68:20,-67dBm,2437MHz,~21.9m,FALSE,[ESS][WFA-HT]
2020/02/16-12:42:16,BPGC-NAB,08:4f:a9:39:68:40,-52dBm,2462MHz,~3.9m,FALSE,[ESS][WFA-HT]
2020/02/16-12:42:16,BPGC-NAB,08:4f:a9:39:6a:40,-42dBm,2462MHz,~1.2m,FALSE,[ESS][WFA-HT]
2020/02/16-12:42:16,BPGC-NAB,70:ea:1a:22:9f:20,-55dBm,2462MHz,~5.4m,FALSE,[ESS][WFA-HT]
2020/02/16-12:42:16,sks,88:63:df:bb:74:a5,-82dBm,2462MHz,~122.0m,FALSE,[WPA2-PSK-CCMP][RSN-PSK-CCMP][ESS][WFA-HT]
2020/02/16-12:42:16,DIRECT-1D-HP DeskJet 2600 series,ac:e2:d3:b6:ba:1e,-64dBm,2437MHz,~15.5m,FALSE,[WPA2-PSK-CCMP][RSN-PSK-CCMP][ESS][WPS][WFA-HT]
2020/02/16-12:42:17,BPGC-NAB,00:a3:8e:4e:29:a0,-56dBm,2412MHz,~6.2m,FALSE,[ESS][WFA-HT]
2020/02/16-12:42:17,BPGC-NAB,08:4f:a9:30:00:00,-71dBm,2437MHz,~34.7m,FALSE,[ESS][WFA-HT]
2020/02/16-12:42:17,BPGC-NAB,08:4f:a9:39:68:20,-67dBm,2437MHz,~21.9m,FALSE,[ESS][WFA-HT]
2020/02/16-12:42:17,BPGC-NAB,08:4f:a9:39:68:40,-52dBm,2462MHz,~3.9m,FALSE,[ESS][WFA-HT]
2020/02/16-12:42:17,BPGC-NAB,08:4f:a9:39:6a:40,-42dBm,2462MHz,~1.2m,FALSE,[ESS][WFA-HT]
2020/02/16-12:42:17,BPGC-NAB,70:ea:1a:22:9f:20,-55dBm,2462MHz,~5.4m,FALSE,[ESS][WFA-HT]
2020/02/16-12:42:17,sks,88:63:df:bb:74:a5,-82dBm,2462MHz,~122.0m,FALSE,[WPA2-PSK-CCMP][RSN-PSK-CCMP][ESS][WFA-HT]
2020/02/16-12:42:17,DIRECT-1D-HP DeskJet 2600 series,ac:e2:d3:b6:ba:1e,-64dBm,2437MHz,~15.5m,FALSE,[WPA2-PSK-CCMP][RSN-PSK-CCMP][ESS][WPS][WFA-HT]
2020/02/16-12:42:18,BPGC-NAB,00:a3:8e:4e:29:a0,-56dBm,2412MHz,~6.2m,FALSE,[ESS][WFA-HT]
2020/02/16-12:42:18,BPGC-NAB,08:4f:a9:30:00:00,-71dBm,2437MHz,~34.7m,FALSE,[ESS][WFA-HT]
2020/02/16-12:42:18,BPGC-NAB,08:4f:a9:39:68:20,-67dBm,2437MHz,~21.9m,FALSE,[ESS][WFA-HT]
2020/02/16-12:42:18,BPGC-NAB,08:4f:a9:39:68:40,-52dBm,2462MHz,~3.9m,FALSE,[ESS][WFA-HT]
2020/02/16-12:42:18,BPGC-NAB,08:4f:a9:39:6a:40,-41dBm,2462MHz,~1.1m,FALSE,[ESS][WFA-HT]
2020/02/16-12:42:18,BPGC-NAB,70:ea:1a:22:9f:20,-55dBm,2462MHz,~5.4m,FALSE,[ESS][WFA-HT]
2020/02/16-12:42:18,sks,88:63:df:bb:74:a5,-82dBm,2462MHz,~122.0m,FALSE,[WPA2-PSK-CCMP][RSN-PSK-CCMP][ESS][WFA-HT]
2020/02/16-12:42:18,DIRECT-1D-HP DeskJet 2600 series,ac:e2:d3:b6:ba:1e,-64dBm,2437MHz,~15.5m,FALSE,[WPA2-PSK-CCMP][RSN-PSK-CCMP][ESS][WPS][WFA-HT]
2020/02/16-12:42:19,BPGC-NAB,00:a3:8e:4e:29:a0,-56dBm,2412MHz,~6.2m,FALSE,[ESS][WFA-HT]
2020/02/16-12:42:19,BPGC-NAB,08:4f:a9:30:00:00,-68dBm,2437MHz,~24.6m,FALSE,[ESS][WFA-HT]
2020/02/16-12:42:19,BPGC-NAB,08:4f:a9:39:68:20,-67dBm,2437MHz,~21.9m,FALSE,[ESS][WFA-HT]
2020/02/16-12:42:19,BPGC-NAB,08:4f:a9:39:68:40,-52dBm,2462MHz,~3.9m,FALSE,[ESS][WFA-HT]
2020/02/16-12:42:19,BPGC-NAB,08:4f:a9:39:6a:40,-42dBm,2462MHz,~1.2m,FALSE,[ESS][WFA-HT]
2020/02/16-12:42:19,BPGC-NAB,70:ea:1a:22:97:80,-71dBm,2412MHz,~35.1m,FALSE,[ESS][WFA-HT]
2020/02/16-12:42:19,BPGC-NAB,70:ea:1a:22:9f:20,-71dBm,2462MHz,~34.4m,FALSE,[ESS][WFA-HT]
2020/02/16-12:42:19,sks,88:63:df:bb:74:a5,-83dBm,2462MHz,~136.8m,FALSE,[WPA2-PSK-CCMP][RSN-PSK-CCMP][ESS][WFA-HT]
2020/02/16-12:42:19,DIRECT-1D-HP DeskJet 2600 series,ac:e2:d3:b6:ba:1e,-68dBm,2437MHz,~24.6m,FALSE,[WPA2-PSK-CCMP][RSN-PSK-CCMP][ESS][WPS][WFA-HT]
2020/02/16-12:42:20,BPGC-NAB,08:4f:a9:30:00:00,-66dBm,2437MHz,~19.5m,FALSE,[ESS][WFA-HT]
2020/02/16-12:42:20,BPGC-NAB,08:4f:a9:39:6a:40,-43dBm,2462MHz,~1.4m,FALSE,[ESS][WFA-HT]
2020/02/16-12:42:20,BPGC-NAB,70:ea:1a:22:97:80,-71dBm,2412MHz,~35.1m,FALSE,[ESS][WFA-HT]
2020/02/16-12:42:20,BPGC-NAB,70:ea:1a:22:9f:20,-88dBm,2462MHz,~243.3m,FALSE,[ESS][WFA-HT]
2020/02/16-12:42:20,sks,88:63:df:bb:74:a5,-84dBm,2462MHz,~153.5m,FALSE,[WPA2-PSK-CCMP][RSN-PSK-CCMP][ESS][WFA-HT]
2020/02/16-12:42:20,DIRECT-1D-HP DeskJet 2600 series,ac:e2:d3:b6:ba:1e,-72dBm,2437MHz,~39.0m,FALSE,[WPA2-PSK-CCMP][RSN-PSK-CCMP][ESS][WPS][WFA-HT]
2020/02/16-12:42:21,BPGC-NAB,08:4f:a9:30:00:00,-66dBm,2437MHz,~19.5m,FALSE,[ESS][WFA-HT]
2020/02/16-12:42:21,BPGC-NAB,08:4f:a9:39:6a:40,-41dBm,2462MHz,~1.1m,FALSE,[ESS][WFA-HT]
2020/02/16-12:42:21,BPGC-NAB,70:ea:1a:22:97:80,-71dBm,2412MHz,~35.1m,FALSE,[ESS][WFA-HT]
2020/02/16-12:42:21,BPGC-NAB,70:ea:1a:22:9f:20,-88dBm,2462MHz,~243.3m,FALSE,[ESS][WFA-HT]
2020/02/16-12:42:21,sks,88:63:df:bb:74:a5,-84dBm,2462MHz,~153.5m,FALSE,[WPA2-PSK-CCMP][RSN-PSK-CCMP][ESS][WFA-HT]
2020/02/16-12:42:21,DIRECT-1D-HP DeskJet 2600 series,ac:e2:d3:b6:ba:1e,-72dBm,2437MHz,~39.0m,FALSE,[WPA2-PSK-CCMP][RSN-PSK-CCMP][ESS][WPS][WFA-HT]
2020/02/16-12:42:22,BPGC-NAB,08:4f:a9:30:00:00,-66dBm,2437MHz,~19.5m,FALSE,[ESS][WFA-HT]
2020/02/16-12:42:22,BPGC-NAB,08:4f:a9:39:6a:40,-40dBm,2462MHz,~1.0m,FALSE,[ESS][WFA-HT]
2020/02/16-12:42:22,BPGC-NAB,70:ea:1a:22:97:80,-71dBm,2412MHz,~35.1m,FALSE,[ESS][WFA-HT]
2020/02/16-12:42:22,BPGC-NAB,70:ea:1a:22:9f:20,-88dBm,2462MHz,~243.3m,FALSE,[ESS][WFA-HT]
2020/02/16-12:42:22,sks,88:63:df:bb:74:a5,-84dBm,2462MHz,~153.5m,FALSE,[WPA2-PSK-CCMP][RSN-PSK-CCMP][ESS][WFA-HT]
2020/02/16-12:42:22,DIRECT-1D-HP DeskJet 2600 series,ac:e2:d3:b6:ba:1e,-72dBm,2437MHz,~39.0m,FALSE,[WPA2-PSK-CCMP][RSN-PSK-CCMP][ESS][WPS][WFA-HT]
2020/02/16-12:42:24,BPGC-NAB,08:4f:a9:30:00:00,-66dBm,2437MHz,~19.5m,FALSE,[ESS][WFA-HT]
2020/02/16-12:42:24,BPGC-NAB,08:4f:a9:39:6a:40,-40dBm,2462MHz,~1.0m,FALSE,[ESS][WFA-HT]
2020/02/16-12:42:24,BPGC-NAB,70:ea:1a:22:97:80,-71dBm,2412MHz,~35.1m,FALSE,[ESS][WFA-HT]
2020/02/16-12:42:24,BPGC-NAB,70:ea:1a:22:9f:20,-88dBm,2462MHz,~243.3m,FALSE,[ESS][WFA-HT]
2020/02/16-12:42:24,sks,88:63:df:bb:74:a5,-84dBm,2462MHz,~153.5m,FALSE,[WPA2-PSK-CCMP][RSN-PSK-CCMP][ESS][WFA-HT]
2020/02/16-12:42:24,DIRECT-1D-HP DeskJet 2600 series,ac:e2:d3:b6:ba:1e,-72dBm,2437MHz,~39.0m,FALSE,[WPA2-PSK-CCMP][RSN-PSK-CCMP][ESS][WPS][WFA-HT]
2020/02/16-12:42:25,BPGC-NAB,08:4f:a9:30:00:00,-66dBm,2437MHz,~19.5m,FALSE,[ESS][WFA-HT]
2020/02/16-12:42:25,BPGC-NAB,08:4f:a9:39:6a:40,-39dBm,2462MHz,~0.9m,FALSE,[ESS][WFA-HT]
2020/02/16-12:42:25,BPGC-NAB,70:ea:1a:22:97:80,-71dBm,2412MHz,~35.1m,FALSE,[ESS][WFA-HT]
2020/02/16-12:42:25,BPGC-NAB,70:ea:1a:22:9f:20,-88dBm,2462MHz,~243.3m,FALSE,[ESS][WFA-HT]
2020/02/16-12:42:25,sks,88:63:df:bb:74:a5,-84dBm,2462MHz,~153.5m,FALSE,[WPA2-PSK-CCMP][RSN-PSK-CCMP][ESS][WFA-HT]
2020/02/16-12:42:25,DIRECT-1D-HP DeskJet 2600 series,ac:e2:d3:b6:ba:1e,-72dBm,2437MHz,~39.0m,FALSE,[WPA2-PSK-CCMP][RSN-PSK-CCMP][ESS][WPS][WFA-HT]
2020/02/16-12:42:26,BPGC-NAB,08:4f:a9:30:00:00,-66dBm,2437MHz,~19.5m,FALSE,[ESS][WFA-HT]
2020/02/16-12:42:26,BPGC-NAB,08:4f:a9:39:6a:40,-39dBm,2462MHz,~0.9m,FALSE,[ESS][WFA-HT]
2020/02/16-12:42:26,BPGC-NAB,70:ea:1a:22:97:80,-71dBm,2412MHz,~35.1m,FALSE,[ESS][WFA-HT]
2020/02/16-12:42:26,BPGC-NAB,70:ea:1a:22:9f:20,-88dBm,2462MHz,~243.3m,FALSE,[ESS][WFA-HT]
2020/02/16-12:42:26,sks,88:63:df:bb:74:a5,-84dBm,2462MHz,~153.5m,FALSE,[WPA2-PSK-CCMP][RSN-PSK-CCMP][ESS][WFA-HT]
2020/02/16-12:42:26,DIRECT-1D-HP DeskJet 2600 series,ac:e2:d3:b6:ba:1e,-72dBm,2437MHz,~39.0m,FALSE,[WPA2-PSK-CCMP][RSN-PSK-CCMP][ESS][WPS][WFA-HT]
2020/02/16-12:42:27,BPGC-NAB,08:4f:a9:30:00:00,-66dBm,2437MHz,~19.5m,FALSE,[ESS][WFA-HT]
2020/02/16-12:42:27,BPGC-NAB,08:4f:a9:39:6a:40,-39dBm,2462MHz,~0.9m,FALSE,[ESS][WFA-HT]
2020/02/16-12:42:27,BPGC-NAB,70:ea:1a:22:97:80,-71dBm,2412MHz,~35.1m,FALSE,[ESS][WFA-HT]
2020/02/16-12:42:27,BPGC-NAB,70:ea:1a:22:9f:20,-88dBm,2462MHz,~243.3m,FALSE,[ESS][WFA-HT]
2020/02/16-12:42:27,sks,88:63:df:bb:74:a5,-84dBm,2462MHz,~153.5m,FALSE,[WPA2-PSK-CCMP][RSN-PSK-CCMP][ESS][WFA-HT]
2020/02/16-12:42:27,DIRECT-1D-HP DeskJet 2600 series,ac:e2:d3:b6:ba:1e,-72dBm,2437MHz,~39.0m,FALSE,[WPA2-PSK-CCMP][RSN-PSK-CCMP][ESS][WPS][WFA-HT]
2020/02/16-12:42:28,BPGC-NAB,08:4f:a9:30:00:00,-66dBm,2437MHz,~19.5m,FALSE,[ESS][WFA-HT]
2020/02/16-12:42:28,BPGC-NAB,08:4f:a9:39:6a:40,-37dBm,2462MHz,~0.7m,FALSE,[ESS][WFA-HT]
2020/02/16-12:42:28,BPGC-NAB,70:ea:1a:22:97:80,-71dBm,2412MHz,~35.1m,FALSE,[ESS][WFA-HT]
2020/02/16-12:42:28,BPGC-NAB,70:ea:1a:22:9f:20,-88dBm,2462MHz,~243.3m,FALSE,[ESS][WFA-HT]
2020/02/16-12:42:28,sks,88:63:df:bb:74:a5,-84dBm,2462MHz,~153.5m,FALSE,[WPA2-PSK-CCMP][RSN-PSK-CCMP][ESS][WFA-HT]
2020/02/16-12:42:28,DIRECT-1D-HP DeskJet 2600 series,ac:e2:d3:b6:ba:1e,-72dBm,2437MHz,~39.0m,FALSE,[WPA2-PSK-CCMP][RSN-PSK-CCMP][ESS][WPS][WFA-HT]
2020/02/16-12:42:29,BPGC-NAB,08:4f:a9:30:00:00,-66dBm,2437MHz,~19.5m,FALSE,[ESS][WFA-HT]
2020/02/16-12:42:29,BPGC-NAB,08:4f:a9:39:6a:40,-36dBm,2462MHz,~0.6m,FALSE,[ESS][WFA-HT]
2020/02/16-12:42:29,BPGC-NAB,70:ea:1a:22:97:80,-71dBm,2412MHz,~35.1m,FALSE,[ESS][WFA-HT]
2020/02/16-12:42:29,BPGC-NAB,70:ea:1a:22:9f:20,-88dBm,2462MHz,~243.3m,FALSE,[ESS][WFA-HT]
2020/02/16-12:42:29,sks,88:63:df:bb:74:a5,-84dBm,2462MHz,~153.5m,FALSE,[WPA2-PSK-CCMP][RSN-PSK-CCMP][ESS][WFA-HT]
2020/02/16-12:42:29,DIRECT-1D-HP DeskJet 2600 series,ac:e2:d3:b6:ba:1e,-72dBm,2437MHz,~39.0m,FALSE,[WPA2-PSK-CCMP][RSN-PSK-CCMP][ESS][WPS][WFA-HT]
2020/02/16-12:42:30,BPGC-NAB,08:4f:a9:30:00:00,-65dBm,2437MHz,~17.4m,FALSE,[ESS][WFA-HT]
2020/02/16-12:42:30,BPGC-NAB,08:4f:a9:39:6a:40,-38dBm,2462MHz,~0.8m,FALSE,[ESS][WFA-HT]
2020/02/16-12:42:30,BPGC-NAB,70:ea:1a:22:97:80,-69dBm,2412MHz,~27.9m,FALSE,[ESS][WFA-HT]
2020/02/16-12:42:30,BPGC-NAB,70:ea:1a:22:9f:20,-88dBm,2462MHz,~243.3m,FALSE,[ESS][WFA-HT]
2020/02/16-12:42:30,sks,88:63:df:bb:74:a5,-78dBm,2462MHz,~77.0m,FALSE,[WPA2-PSK-CCMP][RSN-PSK-CCMP][ESS][WFA-HT]
2020/02/16-12:42:30,DIRECT-1D-HP DeskJet 2600 series,ac:e2:d3:b6:ba:1e,-73dBm,2437MHz,~43.7m,FALSE,[WPA2-PSK-CCMP][RSN-PSK-CCMP][ESS][WPS][WFA-HT]
2020/02/16-12:42:31,BPGC-NAB,08:4f:a9:30:00:00,-64dBm,2437MHz,~15.5m,FALSE,[ESS][WFA-HT]
2020/02/16-12:42:31,BPGC-NAB,08:4f:a9:39:6a:40,-40dBm,2462MHz,~1.0m,FALSE,[ESS][WFA-HT]
2020/02/16-12:42:31,BPGC-NAB,70:ea:1a:22:97:80,-67dBm,2412MHz,~22.1m,FALSE,[ESS][WFA-HT]
2020/02/16-12:42:31,sks,88:63:df:bb:74:a5,-72dBm,2462MHz,~38.6m,FALSE,[WPA2-PSK-CCMP][RSN-PSK-CCMP][ESS][WFA-HT]
2020/02/16-12:42:31,DIRECT-1D-HP DeskJet 2600 series,ac:e2:d3:b6:ba:1e,-74dBm,2437MHz,~49.1m,FALSE,[WPA2-PSK-CCMP][RSN-PSK-CCMP][ESS][WPS][WFA-HT]
2020/02/16-12:42:32,BPGC-NAB,08:4f:a9:30:00:00,-64dBm,2437MHz,~15.5m,FALSE,[ESS][WFA-HT]
2020/02/16-12:42:32,BPGC-NAB,08:4f:a9:39:6a:40,-40dBm,2462MHz,~1.0m,FALSE,[ESS][WFA-HT]
2020/02/16-12:42:32,BPGC-NAB,70:ea:1a:22:97:80,-67dBm,2412MHz,~22.1m,FALSE,[ESS][WFA-HT]
2020/02/16-12:42:32,sks,88:63:df:bb:74:a5,-72dBm,2462MHz,~38.6m,FALSE,[WPA2-PSK-CCMP][RSN-PSK-CCMP][ESS][WFA-HT]
2020/02/16-12:42:32,DIRECT-1D-HP DeskJet 2600 series,ac:e2:d3:b6:ba:1e,-74dBm,2437MHz,~49.1m,FALSE,[WPA2-PSK-CCMP][RSN-PSK-CCMP][ESS][WPS][WFA-HT]
2020/02/16-12:42:33,BPGC-NAB,08:4f:a9:30:00:00,-64dBm,2437MHz,~15.5m,FALSE,[ESS][WFA-HT]
2020/02/16-12:42:33,BPGC-NAB,08:4f:a9:39:6a:40,-40dBm,2462MHz,~1.0m,FALSE,[ESS][WFA-HT]
2020/02/16-12:42:33,BPGC-NAB,70:ea:1a:22:97:80,-67dBm,2412MHz,~22.1m,FALSE,[ESS][WFA-HT]
2020/02/16-12:42:33,sks,88:63:df:bb:74:a5,-72dBm,2462MHz,~38.6m,FALSE,[WPA2-PSK-CCMP][RSN-PSK-CCMP][ESS][WFA-HT]
2020/02/16-12:42:33,DIRECT-1D-HP DeskJet 2600 series,ac:e2:d3:b6:ba:1e,-74dBm,2437MHz,~49.1m,FALSE,[WPA2-PSK-CCMP][RSN-PSK-CCMP][ESS][WPS][WFA-HT]
2020/02/16-12:42:34,BPGC-NAB,08:4f:a9:30:00:00,-64dBm,2437MHz,~15.5m,FALSE,[ESS][WFA-HT]
2020/02/16-12:42:34,BPGC-NAB,08:4f:a9:39:6a:40,-40dBm,2462MHz,~1.0m,FALSE,[ESS][WFA-HT]
2020/02/16-12:42:34,BPGC-NAB,70:ea:1a:22:97:80,-67dBm,2412MHz,~22.1m,FALSE,[ESS][WFA-HT]
2020/02/16-12:42:34,sks,88:63:df:bb:74:a5,-72dBm,2462MHz,~38.6m,FALSE,[WPA2-PSK-CCMP][RSN-PSK-CCMP][ESS][WFA-HT]
2020/02/16-12:42:34,DIRECT-1D-HP DeskJet 2600 series,ac:e2:d3:b6:ba:1e,-74dBm,2437MHz,~49.1m,FALSE,[WPA2-PSK-CCMP][RSN-PSK-CCMP][ESS][WPS][WFA-HT]
2020/02/16-12:42:35,BPGC-NAB,08:4f:a9:30:00:00,-64dBm,2437MHz,~15.5m,FALSE,[ESS][WFA-HT]
2020/02/16-12:42:35,BPGC-NAB,08:4f:a9:39:6a:40,-39dBm,2462MHz,~0.9m,FALSE,[ESS][WFA-HT]
2020/02/16-12:42:35,BPGC-NAB,70:ea:1a:22:97:80,-71dBm,2412MHz,~35.1m,FALSE,[ESS][WFA-HT]
2020/02/16-12:42:35,BPGC-NAB,70:ea:1a:22:a5:a0,-85dBm,2462MHz,~172.3m,FALSE,[ESS][WFA-HT]
2020/02/16-12:42:35,sks,88:63:df:bb:74:a5,-71dBm,2462MHz,~34.4m,FALSE,[WPA2-PSK-CCMP][RSN-PSK-CCMP][ESS][WFA-HT]
2020/02/16-12:42:35,DIRECT-1D-HP DeskJet 2600 series,ac:e2:d3:b6:ba:1e,-74dBm,2437MHz,~49.1m,FALSE,[WPA2-PSK-CCMP][RSN-PSK-CCMP][ESS][WPS][WFA-HT]
2020/02/16-12:42:36,BPGC-NAB,08:4f:a9:39:6a:40,-39dBm,2462MHz,~0.9m,FALSE,[ESS][WFA-HT]
2020/02/16-12:42:36,BPGC-NAB,70:ea:1a:22:97:80,-75dBm,2412MHz,~55.6m,FALSE,[ESS][WFA-HT]
2020/02/16-12:42:36,BPGC-NAB,70:ea:1a:22:a5:a0,-85dBm,2462MHz,~172.3m,FALSE,[ESS][WFA-HT]
2020/02/16-12:42:36,sks,88:63:df:bb:74:a5,-70dBm,2462MHz,~30.6m,FALSE,[WPA2-PSK-CCMP][RSN-PSK-CCMP][ESS][WFA-HT]
2020/02/16-12:42:37,BPGC-NAB,08:4f:a9:39:6a:40,-39dBm,2462MHz,~0.9m,FALSE,[ESS][WFA-HT]
2020/02/16-12:42:37,BPGC-NAB,70:ea:1a:22:97:80,-75dBm,2412MHz,~55.6m,FALSE,[ESS][WFA-HT]
2020/02/16-12:42:37,BPGC-NAB,70:ea:1a:22:a5:a0,-85dBm,2462MHz,~172.3m,FALSE,[ESS][WFA-HT]
2020/02/16-12:42:37,sks,88:63:df:bb:74:a5,-70dBm,2462MHz,~30.6m,FALSE,[WPA2-PSK-CCMP][RSN-PSK-CCMP][ESS][WFA-HT]
2020/02/16-12:42:38,BPGC-NAB,08:4f:a9:39:6a:40,-39dBm,2462MHz,~0.9m,FALSE,[ESS][WFA-HT]
2020/02/16-12:42:38,BPGC-NAB,70:ea:1a:22:97:80,-75dBm,2412MHz,~55.6m,FALSE,[ESS][WFA-HT]
2020/02/16-12:42:38,BPGC-NAB,70:ea:1a:22:a5:a0,-85dBm,2462MHz,~172.3m,FALSE,[ESS][WFA-HT]
2020/02/16-12:42:38,sks,88:63:df:bb:74:a5,-70dBm,2462MHz,~30.6m,FALSE,[WPA2-PSK-CCMP][RSN-PSK-CCMP][ESS][WFA-HT]
2020/02/16-12:42:39,BPGC-NAB,08:4f:a9:39:6a:40,-39dBm,2462MHz,~0.9m,FALSE,[ESS][WFA-HT]
2020/02/16-12:42:39,BPGC-NAB,70:ea:1a:22:97:80,-75dBm,2412MHz,~55.6m,FALSE,[ESS][WFA-HT]
2020/02/16-12:42:39,BPGC-NAB,70:ea:1a:22:a5:a0,-85dBm,2462MHz,~172.3m,FALSE,[ESS][WFA-HT]
2020/02/16-12:42:39,sks,88:63:df:bb:74:a5,-70dBm,2462MHz,~30.6m,FALSE,[WPA2-PSK-CCMP][RSN-PSK-CCMP][ESS][WFA-HT]
2020/02/16-12:42:40,BPGC-NAB,08:4f:a9:39:6a:40,-39dBm,2462MHz,~0.9m,FALSE,[ESS][WFA-HT]
2020/02/16-12:42:40,BPGC-NAB,70:ea:1a:22:97:80,-75dBm,2412MHz,~55.6m,FALSE,[ESS][WFA-HT]
2020/02/16-12:42:40,BPGC-NAB,70:ea:1a:22:a5:a0,-85dBm,2462MHz,~172.3m,FALSE,[ESS][WFA-HT]
2020/02/16-12:42:40,sks,88:63:df:bb:74:a5,-70dBm,2462MHz,~30.6m,FALSE,[WPA2-PSK-CCMP][RSN-PSK-CCMP][ESS][WFA-HT]
2020/02/16-12:42:41,BPGC-NAB,08:4f:a9:39:6a:40,-40dBm,2462MHz,~1.0m,FALSE,[ESS][WFA-HT]
2020/02/16-12:42:41,BPGC-NAB,70:ea:1a:22:97:80,-75dBm,2412MHz,~55.6m,FALSE,[ESS][WFA-HT]
2020/02/16-12:42:41,BPGC-NAB,70:ea:1a:22:a5:a0,-85dBm,2462MHz,~172.3m,FALSE,[ESS][WFA-HT]
2020/02/16-12:42:41,sks,88:63:df:bb:74:a5,-70dBm,2462MHz,~30.6m,FALSE,[WPA2-PSK-CCMP][RSN-PSK-CCMP][ESS][WFA-HT]
2020/02/16-12:42:42,BPGC-NAB,08:4f:a9:39:6a:40,-40dBm,2462MHz,~1.0m,FALSE,[ESS][WFA-HT]
2020/02/16-12:42:42,BPGC-NAB,70:ea:1a:22:97:80,-75dBm,2412MHz,~55.6m,FALSE,[ESS][WFA-HT]
2020/02/16-12:42:42,BPGC-NAB,70:ea:1a:22:a5:a0,-85dBm,2462MHz,~172.3m,FALSE,[ESS][WFA-HT]
2020/02/16-12:42:42,sks,88:63:df:bb:74:a5,-70dBm,2462MHz,~30.6m,FALSE,[WPA2-PSK-CCMP][RSN-PSK-CCMP][ESS][WFA-HT]
2020/02/16-12:42:43,BPGC-NAB,08:4f:a9:39:6a:40,-39dBm,2462MHz,~0.9m,FALSE,[ESS][WFA-HT]
2020/02/16-12:42:43,BPGC-NAB,70:ea:1a:22:97:80,-75dBm,2412MHz,~55.6m,FALSE,[ESS][WFA-HT]
2020/02/16-12:42:43,BPGC-NAB,70:ea:1a:22:a5:a0,-85dBm,2462MHz,~172.3m,FALSE,[ESS][WFA-HT]
2020/02/16-12:42:43,sks,88:63:df:bb:74:a5,-70dBm,2462MHz,~30.6m,FALSE,[WPA2-PSK-CCMP][RSN-PSK-CCMP][ESS][WFA-HT]
2020/02/16-12:42:44,BPGC-NAB,08:4f:a9:30:00:00,-61dBm,2437MHz,~11.0m,FALSE,[ESS][WFA-HT]
2020/02/16-12:42:44,BPGC-NAB,08:4f:a9:39:6a:40,-38dBm,2462MHz,~0.8m,FALSE,[ESS][WFA-HT]
2020/02/16-12:42:44,BPGC-NAB,70:ea:1a:22:97:80,-73dBm,2412MHz,~44.2m,FALSE,[ESS][WFA-HT]
2020/02/16-12:42:44,BPGC-NAB,70:ea:1a:22:9f:e0,-73dBm,2462MHz,~43.3m,FALSE,[ESS][WFA-HT]
2020/02/16-12:42:44,BPGC-NAB,70:ea:1a:22:a5:a0,-85dBm,2462MHz,~172.3m,FALSE,[ESS][WFA-HT]
2020/02/16-12:42:44,sks,88:63:df:bb:74:a5,-70dBm,2462MHz,~30.6m,FALSE,[WPA2-PSK-CCMP][RSN-PSK-CCMP][ESS][WFA-HT]
2020/02/16-12:42:44,DIRECT-1D-HP DeskJet 2600 series,ac:e2:d3:b6:ba:1e,-79dBm,2437MHz,~87.2m,FALSE,[WPA2-PSK-CCMP][RSN-PSK-CCMP][ESS][WPS][WFA-HT]
2020/02/16-12:42:45,BPGC-NAB,08:4f:a9:30:00:00,-61dBm,2437MHz,~11.0m,FALSE,[ESS][WFA-HT]
2020/02/16-12:42:45,BPGC-NAB,08:4f:a9:39:6a:40,-38dBm,2462MHz,~0.8m,FALSE,[ESS][WFA-HT]
2020/02/16-12:42:45,BPGC-NAB,70:ea:1a:22:97:80,-72dBm,2412MHz,~39.4m,FALSE,[ESS][WFA-HT]
2020/02/16-12:42:45,BPGC-NAB,70:ea:1a:22:9f:e0,-73dBm,2462MHz,~43.3m,FALSE,[ESS][WFA-HT]
2020/02/16-12:42:45,sks,88:63:df:bb:74:a5,-71dBm,2462MHz,~34.4m,FALSE,[WPA2-PSK-CCMP][RSN-PSK-CCMP][ESS][WFA-HT]
2020/02/16-12:42:45,DIRECT-1D-HP DeskJet 2600 series,ac:e2:d3:b6:ba:1e,-79dBm,2437MHz,~87.2m,FALSE,[WPA2-PSK-CCMP][RSN-PSK-CCMP][ESS][WPS][WFA-HT]
2020/02/16-12:42:46,BPGC-NAB,08:4f:a9:30:00:00,-61dBm,2437MHz,~11.0m,FALSE,[ESS][WFA-HT]
2020/02/16-12:42:46,BPGC-NAB,08:4f:a9:39:6a:40,-38dBm,2462MHz,~0.8m,FALSE,[ESS][WFA-HT]
2020/02/16-12:42:46,BPGC-NAB,70:ea:1a:22:97:80,-72dBm,2412MHz,~39.4m,FALSE,[ESS][WFA-HT]
2020/02/16-12:42:46,BPGC-NAB,70:ea:1a:22:9f:e0,-73dBm,2462MHz,~43.3m,FALSE,[ESS][WFA-HT]
2020/02/16-12:42:46,sks,88:63:df:bb:74:a5,-71dBm,2462MHz,~34.4m,FALSE,[WPA2-PSK-CCMP][RSN-PSK-CCMP][ESS][WFA-HT]
2020/02/16-12:42:46,DIRECT-1D-HP DeskJet 2600 series,ac:e2:d3:b6:ba:1e,-79dBm,2437MHz,~87.2m,FALSE,[WPA2-PSK-CCMP][RSN-PSK-CCMP][ESS][WPS][WFA-HT]
2020/02/16-12:42:47,BPGC-NAB,08:4f:a9:30:00:00,-61dBm,2437MHz,~11.0m,FALSE,[ESS][WFA-HT]
2020/02/16-12:42:47,BPGC-NAB,08:4f:a9:39:6a:40,-38dBm,2462MHz,~0.8m,FALSE,[ESS][WFA-HT]
2020/02/16-12:42:47,BPGC-NAB,70:ea:1a:22:97:80,-72dBm,2412MHz,~39.4m,FALSE,[ESS][WFA-HT]
2020/02/16-12:42:47,BPGC-NAB,70:ea:1a:22:9f:e0,-73dBm,2462MHz,~43.3m,FALSE,[ESS][WFA-HT]
2020/02/16-12:42:47,sks,88:63:df:bb:74:a5,-71dBm,2462MHz,~34.4m,FALSE,[WPA2-PSK-CCMP][RSN-PSK-CCMP][ESS][WFA-HT]
2020/02/16-12:42:47,DIRECT-1D-HP DeskJet 2600 series,ac:e2:d3:b6:ba:1e,-79dBm,2437MHz,~87.2m,FALSE,[WPA2-PSK-CCMP][RSN-PSK-CCMP][ESS][WPS][WFA-HT]
2020/02/16-12:42:48,BPGC-NAB,08:4f:a9:30:00:00,-61dBm,2437MHz,~11.0m,FALSE,[ESS][WFA-HT]
2020/02/16-12:42:48,BPGC-NAB,08:4f:a9:39:6a:40,-38dBm,2462MHz,~0.8m,FALSE,[ESS][WFA-HT]
2020/02/16-12:42:48,BPGC-NAB,70:ea:1a:22:97:80,-72dBm,2412MHz,~39.4m,FALSE,[ESS][WFA-HT]
2020/02/16-12:42:48,BPGC-NAB,70:ea:1a:22:9f:e0,-73dBm,2462MHz,~43.3m,FALSE,[ESS][WFA-HT]
2020/02/16-12:42:48,sks,88:63:df:bb:74:a5,-71dBm,2462MHz,~34.4m,FALSE,[WPA2-PSK-CCMP][RSN-PSK-CCMP][ESS][WFA-HT]
2020/02/16-12:42:48,DIRECT-1D-HP DeskJet 2600 series,ac:e2:d3:b6:ba:1e,-79dBm,2437MHz,~87.2m,FALSE,[WPA2-PSK-CCMP][RSN-PSK-CCMP][ESS][WPS][WFA-HT]
2020/02/16-12:42:49,BPGC-NAB,08:4f:a9:30:00:00,-61dBm,2437MHz,~11.0m,FALSE,[ESS][WFA-HT]
2020/02/16-12:42:49,BPGC-NAB,08:4f:a9:39:6a:40,-42dBm,2462MHz,~1.2m,FALSE,[ESS][WFA-HT]
2020/02/16-12:42:49,BPGC-NAB,70:ea:1a:22:97:80,-72dBm,2412MHz,~39.4m,FALSE,[ESS][WFA-HT]
2020/02/16-12:42:49,BPGC-NAB,70:ea:1a:22:9f:e0,-73dBm,2462MHz,~43.3m,FALSE,[ESS][WFA-HT]
2020/02/16-12:42:49,BPGC-NAB,70:ea:1a:22:a5:a0,-83dBm,2462MHz,~136.8m,FALSE,[ESS][WFA-HT]
2020/02/16-12:42:49,sks,88:63:df:bb:74:a5,-71dBm,2462MHz,~34.4m,FALSE,[WPA2-PSK-CCMP][RSN-PSK-CCMP][ESS][WFA-HT]
2020/02/16-12:42:49,DIRECT-1D-HP DeskJet 2600 series,ac:e2:d3:b6:ba:1e,-79dBm,2437MHz,~87.2m,FALSE,[WPA2-PSK-CCMP][RSN-PSK-CCMP][ESS][WPS][WFA-HT]
2020/02/16-12:42:50,BPGC-NAB,08:4f:a9:30:00:00,-61dBm,2437MHz,~11.0m,FALSE,[ESS][WFA-HT]
2020/02/16-12:42:50,BPGC-NAB,08:4f:a9:39:6a:40,-46dBm,2462MHz,~1.9m,FALSE,[ESS][WFA-HT]
2020/02/16-12:42:50,BPGC-NAB,70:ea:1a:22:97:80,-73dBm,2412MHz,~44.2m,FALSE,[ESS][WFA-HT]
2020/02/16-12:42:50,BPGC-NAB,70:ea:1a:22:a5:a0,-83dBm,2462MHz,~136.8m,FALSE,[ESS][WFA-HT]
2020/02/16-12:42:50,sks,88:63:df:bb:74:a5,-72dBm,2462MHz,~38.6m,FALSE,[WPA2-PSK-CCMP][RSN-PSK-CCMP][ESS][WFA-HT]
2020/02/16-12:42:51,BPGC-NAB,08:4f:a9:30:00:00,-61dBm,2437MHz,~11.0m,FALSE,[ESS][WFA-HT]
2020/02/16-12:42:51,BPGC-NAB,08:4f:a9:39:6a:40,-46dBm,2462MHz,~1.9m,FALSE,[ESS][WFA-HT]
2020/02/16-12:42:51,BPGC-NAB,70:ea:1a:22:97:80,-73dBm,2412MHz,~44.2m,FALSE,[ESS][WFA-HT]
2020/02/16-12:42:51,BPGC-NAB,70:ea:1a:22:a5:a0,-83dBm,2462MHz,~136.8m,FALSE,[ESS][WFA-HT]
2020/02/16-12:42:51,sks,88:63:df:bb:74:a5,-72dBm,2462MHz,~38.6m,FALSE,[WPA2-PSK-CCMP][RSN-PSK-CCMP][ESS][WFA-HT]
2020/02/16-12:42:52,BPGC-NAB,08:4f:a9:30:00:00,-61dBm,2437MHz,~11.0m,FALSE,[ESS][WFA-HT]
2020/02/16-12:42:52,BPGC-NAB,08:4f:a9:39:6a:40,-43dBm,2462MHz,~1.4m,FALSE,[ESS][WFA-HT]
2020/02/16-12:42:52,BPGC-NAB,70:ea:1a:22:97:80,-73dBm,2412MHz,~44.2m,FALSE,[ESS][WFA-HT]
2020/02/16-12:42:52,BPGC-NAB,70:ea:1a:22:a5:a0,-83dBm,2462MHz,~136.8m,FALSE,[ESS][WFA-HT]
2020/02/16-12:42:52,sks,88:63:df:bb:74:a5,-72dBm,2462MHz,~38.6m,FALSE,[WPA2-PSK-CCMP][RSN-PSK-CCMP][ESS][WFA-HT]
2020/02/16-12:42:53,BPGC-NAB,08:4f:a9:30:00:00,-61dBm,2437MHz,~11.0m,FALSE,[ESS][WFA-HT]
2020/02/16-12:42:53,BPGC-NAB,08:4f:a9:39:6a:40,-41dBm,2462MHz,~1.1m,FALSE,[ESS][WFA-HT]
2020/02/16-12:42:53,BPGC-NAB,70:ea:1a:22:97:80,-73dBm,2412MHz,~44.2m,FALSE,[ESS][WFA-HT]
2020/02/16-12:42:53,BPGC-NAB,70:ea:1a:22:a5:a0,-83dBm,2462MHz,~136.8m,FALSE,[ESS][WFA-HT]
2020/02/16-12:42:53,sks,88:63:df:bb:74:a5,-72dBm,2462MHz,~38.6m,FALSE,[WPA2-PSK-CCMP][RSN-PSK-CCMP][ESS][WFA-HT]
2020/02/16-12:42:54,BPGC-NAB,08:4f:a9:30:00:00,-61dBm,2437MHz,~11.0m,FALSE,[ESS][WFA-HT]
2020/02/16-12:42:54,BPGC-NAB,08:4f:a9:39:6a:40,-41dBm,2462MHz,~1.1m,FALSE,[ESS][WFA-HT]
2020/02/16-12:42:54,BPGC-NAB,70:ea:1a:22:97:80,-73dBm,2412MHz,~44.2m,FALSE,[ESS][WFA-HT]
2020/02/16-12:42:54,BPGC-NAB,70:ea:1a:22:a5:a0,-83dBm,2462MHz,~136.8m,FALSE,[ESS][WFA-HT]
2020/02/16-12:42:54,sks,88:63:df:bb:74:a5,-72dBm,2462MHz,~38.6m,FALSE,[WPA2-PSK-CCMP][RSN-PSK-CCMP][ESS][WFA-HT]
2020/02/16-12:42:55,BPGC-NAB,08:4f:a9:30:00:00,-61dBm,2437MHz,~11.0m,FALSE,[ESS][WFA-HT]
2020/02/16-12:42:55,BPGC-NAB,08:4f:a9:39:6a:40,-41dBm,2462MHz,~1.1m,FALSE,[ESS][WFA-HT]
2020/02/16-12:42:55,BPGC-NAB,70:ea:1a:22:97:80,-75dBm,2412MHz,~55.6m,FALSE,[ESS][WFA-HT]
2020/02/16-12:42:55,BPGC-NAB,70:ea:1a:22:a5:a0,-83dBm,2462MHz,~136.8m,FALSE,[ESS][WFA-HT]
2020/02/16-12:42:55,sks,88:63:df:bb:74:a5,-75dBm,2462MHz,~54.5m,FALSE,[WPA2-PSK-CCMP][RSN-PSK-CCMP][ESS][WFA-HT]
2020/02/16-12:42:56,BPGC-NAB,08:4f:a9:39:6a:40,-42dBm,2462MHz,~1.2m,FALSE,[ESS][WFA-HT]
2020/02/16-12:42:56,BPGC-NAB,70:ea:1a:22:97:80,-78dBm,2412MHz,~78.5m,FALSE,[ESS][WFA-HT]
2020/02/16-12:42:56,sks,88:63:df:bb:74:a5,-78dBm,2462MHz,~77.0m,FALSE,[WPA2-PSK-CCMP][RSN-PSK-CCMP][ESS][WFA-HT]
2020/02/16-12:42:57,BPGC-NAB,08:4f:a9:39:6a:40,-42dBm,2462MHz,~1.2m,FALSE,[ESS][WFA-HT]
2020/02/16-12:42:57,BPGC-NAB,70:ea:1a:22:97:80,-78dBm,2412MHz,~78.5m,FALSE,[ESS][WFA-HT]
2020/02/16-12:42:57,sks,88:63:df:bb:74:a5,-78dBm,2462MHz,~77.0m,FALSE,[WPA2-PSK-CCMP][RSN-PSK-CCMP][ESS][WFA-HT]
2020/02/16-12:42:58,BPGC-NAB,08:4f:a9:39:6a:40,-42dBm,2462MHz,~1.2m,FALSE,[ESS][WFA-HT]
2020/02/16-12:42:58,BPGC-NAB,70:ea:1a:22:97:80,-78dBm,2412MHz,~78.5m,FALSE,[ESS][WFA-HT]
2020/02/16-12:42:58,sks,88:63:df:bb:74:a5,-78dBm,2462MHz,~77.0m,FALSE,[WPA2-PSK-CCMP][RSN-PSK-CCMP][ESS][WFA-HT]
2020/02/16-12:42:59,BPGC-NAB,08:4f:a9:39:6a:40,-45dBm,2462MHz,~1.7m,FALSE,[ESS][WFA-HT]
2020/02/16-12:42:59,BPGC-NAB,70:ea:1a:22:97:80,-71dBm,2412MHz,~35.1m,FALSE,[ESS][WFA-HT]
2020/02/16-12:42:59,sks,88:63:df:bb:74:a5,-73dBm,2462MHz,~43.3m,FALSE,[WPA2-PSK-CCMP][RSN-PSK-CCMP][ESS][WFA-HT]
2020/02/16-12:43:00,BPGC-NAB,08:4f:a9:39:6a:40,-48dBm,2462MHz,~2.4m,FALSE,[ESS][WFA-HT]
2020/02/16-12:43:00,BPGC-NAB,70:ea:1a:22:97:80,-64dBm,2412MHz,~15.7m,FALSE,[ESS][WFA-HT]
2020/02/16-12:43:00,sks,88:63:df:bb:74:a5,-68dBm,2462MHz,~24.3m,FALSE,[WPA2-PSK-CCMP][RSN-PSK-CCMP][ESS][WFA-HT]
2020/02/16-12:43:01,BPGC-NAB,08:4f:a9:39:6a:40,-46dBm,2462MHz,~1.9m,FALSE,[ESS][WFA-HT]
2020/02/16-12:43:01,BPGC-NAB,70:ea:1a:22:97:80,-64dBm,2412MHz,~15.7m,FALSE,[ESS][WFA-HT]
2020/02/16-12:43:01,sks,88:63:df:bb:74:a5,-68dBm,2462MHz,~24.3m,FALSE,[WPA2-PSK-CCMP][RSN-PSK-CCMP][ESS][WFA-HT]
2020/02/16-12:43:02,BPGC-NAB,08:4f:a9:39:6a:40,-44dBm,2462MHz,~1.5m,FALSE,[ESS][WFA-HT]
2020/02/16-12:43:02,BPGC-NAB,70:ea:1a:22:97:80,-64dBm,2412MHz,~15.7m,FALSE,[ESS][WFA-HT]
2020/02/16-12:43:02,sks,88:63:df:bb:74:a5,-68dBm,2462MHz,~24.3m,FALSE,[WPA2-PSK-CCMP][RSN-PSK-CCMP][ESS][WFA-HT]
2020/02/16-12:43:03,BPGC-NAB,08:4f:a9:39:6a:40,-44dBm,2462MHz,~1.5m,FALSE,[ESS][WFA-HT]
2020/02/16-12:43:03,BPGC-NAB,70:ea:1a:22:97:80,-64dBm,2412MHz,~15.7m,FALSE,[ESS][WFA-HT]
2020/02/16-12:43:03,sks,88:63:df:bb:74:a5,-68dBm,2462MHz,~24.3m,FALSE,[WPA2-PSK-CCMP][RSN-PSK-CCMP][ESS][WFA-HT]
2020/02/16-12:43:04,BPGC-NAB,08:4f:a9:39:6a:40,-46dBm,2462MHz,~1.9m,FALSE,[ESS][WFA-HT]
2020/02/16-12:43:04,BPGC-NAB,70:ea:1a:22:97:80,-64dBm,2412MHz,~15.7m,FALSE,[ESS][WFA-HT]
2020/02/16-12:43:04,BPGC-NAB,70:ea:1a:22:a5:a0,-74dBm,2462MHz,~48.6m,FALSE,[ESS][WFA-HT]
2020/02/16-12:43:04,sks,88:63:df:bb:74:a5,-68dBm,2462MHz,~24.3m,FALSE,[WPA2-PSK-CCMP][RSN-PSK-CCMP][ESS][WFA-HT]
2020/02/16-12:43:04,DIRECT-1D-HP DeskJet 2600 series,ac:e2:d3:b6:ba:1e,-65dBm,2437MHz,~17.4m,FALSE,[WPA2-PSK-CCMP][RSN-PSK-CCMP][ESS][WPS][WFA-HT]
2020/02/16-12:43:05,BPGC-NAB,08:4f:a9:39:6a:40,-49dBm,2462MHz,~2.7m,FALSE,[ESS][WFA-HT]
2020/02/16-12:43:05,BPGC-NAB,70:ea:1a:22:97:80,-64dBm,2412MHz,~15.7m,FALSE,[ESS][WFA-HT]
2020/02/16-12:43:05,BPGC-NAB,70:ea:1a:22:a5:a0,-74dBm,2462MHz,~48.6m,FALSE,[ESS][WFA-HT]
2020/02/16-12:43:05,sks,88:63:df:bb:74:a5,-69dBm,2462MHz,~27.3m,FALSE,[WPA2-PSK-CCMP][RSN-PSK-CCMP][ESS][WFA-HT]
2020/02/16-12:43:05,DIRECT-1D-HP DeskJet 2600 series,ac:e2:d3:b6:ba:1e,-65dBm,2437MHz,~17.4m,FALSE,[WPA2-PSK-CCMP][RSN-PSK-CCMP][ESS][WPS][WFA-HT]
2020/02/16-12:43:06,BPGC-NAB,08:4f:a9:39:6a:40,-49dBm,2462MHz,~2.7m,FALSE,[ESS][WFA-HT]
2020/02/16-12:43:06,BPGC-NAB,70:ea:1a:22:97:80,-64dBm,2412MHz,~15.7m,FALSE,[ESS][WFA-HT]
2020/02/16-12:43:06,BPGC-NAB,70:ea:1a:22:a5:a0,-74dBm,2462MHz,~48.6m,FALSE,[ESS][WFA-HT]
2020/02/16-12:43:06,sks,88:63:df:bb:74:a5,-69dBm,2462MHz,~27.3m,FALSE,[WPA2-PSK-CCMP][RSN-PSK-CCMP][ESS][WFA-HT]
2020/02/16-12:43:06,DIRECT-1D-HP DeskJet 2600 series,ac:e2:d3:b6:ba:1e,-65dBm,2437MHz,~17.4m,FALSE,[WPA2-PSK-CCMP][RSN-PSK-CCMP][ESS][WPS][WFA-HT]
2020/02/16-12:43:07,BPGC-NAB,08:4f:a9:39:6a:40,-49dBm,2462MHz,~2.7m,FALSE,[ESS][WFA-HT]
2020/02/16-12:43:07,BPGC-NAB,70:ea:1a:22:97:80,-64dBm,2412MHz,~15.7m,FALSE,[ESS][WFA-HT]
2020/02/16-12:43:07,BPGC-NAB,70:ea:1a:22:a5:a0,-74dBm,2462MHz,~48.6m,FALSE,[ESS][WFA-HT]
2020/02/16-12:43:07,sks,88:63:df:bb:74:a5,-69dBm,2462MHz,~27.3m,FALSE,[WPA2-PSK-CCMP][RSN-PSK-CCMP][ESS][WFA-HT]
2020/02/16-12:43:07,DIRECT-1D-HP DeskJet 2600 series,ac:e2:d3:b6:ba:1e,-65dBm,2437MHz,~17.4m,FALSE,[WPA2-PSK-CCMP][RSN-PSK-CCMP][ESS][WPS][WFA-HT]
2020/02/16-12:43:09,BPGC-NAB,08:4f:a9:39:6a:40,-49dBm,2462MHz,~2.7m,FALSE,[ESS][WFA-HT]
2020/02/16-12:43:09,BPGC-NAB,70:ea:1a:22:97:80,-64dBm,2412MHz,~15.7m,FALSE,[ESS][WFA-HT]
2020/02/16-12:43:09,BPGC-NAB,70:ea:1a:22:a5:a0,-74dBm,2462MHz,~48.6m,FALSE,[ESS][WFA-HT]
2020/02/16-12:43:09,sks,88:63:df:bb:74:a5,-69dBm,2462MHz,~27.3m,FALSE,[WPA2-PSK-CCMP][RSN-PSK-CCMP][ESS][WFA-HT]
2020/02/16-12:43:09,DIRECT-1D-HP DeskJet 2600 series,ac:e2:d3:b6:ba:1e,-65dBm,2437MHz,~17.4m,FALSE,[WPA2-PSK-CCMP][RSN-PSK-CCMP][ESS][WPS][WFA-HT]
2020/02/16-12:43:10,BPGC-NAB,08:4f:a9:39:6a:40,-49dBm,2462MHz,~2.7m,FALSE,[ESS][WFA-HT]
2020/02/16-12:43:10,BPGC-NAB,70:ea:1a:22:97:80,-64dBm,2412MHz,~15.7m,FALSE,[ESS][WFA-HT]
2020/02/16-12:43:10,BPGC-NAB,70:ea:1a:22:a5:a0,-74dBm,2462MHz,~48.6m,FALSE,[ESS][WFA-HT]
2020/02/16-12:43:10,sks,88:63:df:bb:74:a5,-69dBm,2462MHz,~27.3m,FALSE,[WPA2-PSK-CCMP][RSN-PSK-CCMP][ESS][WFA-HT]
2020/02/16-12:43:10,DIRECT-1D-HP DeskJet 2600 series,ac:e2:d3:b6:ba:1e,-65dBm,2437MHz,~17.4m,FALSE,[WPA2-PSK-CCMP][RSN-PSK-CCMP][ESS][WPS][WFA-HT]
2020/02/16-12:43:11,BPGC-NAB,08:4f:a9:39:6a:40,-45dBm,2462MHz,~1.7m,FALSE,[ESS][WFA-HT]
2020/02/16-12:43:11,BPGC-NAB,70:ea:1a:22:97:80,-65dBm,2412MHz,~17.6m,FALSE,[ESS][WFA-HT]
2020/02/16-12:43:11,BPGC-NAB,70:ea:1a:22:a5:a0,-74dBm,2462MHz,~48.6m,FALSE,[ESS][WFA-HT]
2020/02/16-12:43:11,sks,88:63:df:bb:74:a5,-72dBm,2462MHz,~38.6m,FALSE,[WPA2-PSK-CCMP][RSN-PSK-CCMP][ESS][WFA-HT]
2020/02/16-12:43:11,DIRECT-1D-HP DeskJet 2600 series,ac:e2:d3:b6:ba:1e,-65dBm,2437MHz,~17.4m,FALSE,[WPA2-PSK-CCMP][RSN-PSK-CCMP][ESS][WPS][WFA-HT]
2020/02/16-12:43:12,BPGC-NAB,08:4f:a9:39:6a:40,-41dBm,2462MHz,~1.1m,FALSE,[ESS][WFA-HT]
2020/02/16-12:43:12,BPGC-NAB,70:ea:1a:22:97:80,-66dBm,2412MHz,~19.7m,FALSE,[ESS][WFA-HT]
2020/02/16-12:43:12,sks,88:63:df:bb:74:a5,-75dBm,2462MHz,~54.5m,FALSE,[WPA2-PSK-CCMP][RSN-PSK-CCMP][ESS][WFA-HT]
2020/02/16-12:43:13,BPGC-NAB,08:4f:a9:39:6a:40,-41dBm,2462MHz,~1.1m,FALSE,[ESS][WFA-HT]
2020/02/16-12:43:13,BPGC-NAB,70:ea:1a:22:97:80,-66dBm,2412MHz,~19.7m,FALSE,[ESS][WFA-HT]
2020/02/16-12:43:13,sks,88:63:df:bb:74:a5,-75dBm,2462MHz,~54.5m,FALSE,[WPA2-PSK-CCMP][RSN-PSK-CCMP][ESS][WFA-HT]
2020/02/16-12:43:14,BPGC-NAB,08:4f:a9:39:6a:40,-41dBm,2462MHz,~1.1m,FALSE,[ESS][WFA-HT]
2020/02/16-12:43:14,BPGC-NAB,70:ea:1a:22:97:80,-66dBm,2412MHz,~19.7m,FALSE,[ESS][WFA-HT]
2020/02/16-12:43:14,sks,88:63:df:bb:74:a5,-75dBm,2462MHz,~54.5m,FALSE,[WPA2-PSK-CCMP][RSN-PSK-CCMP][ESS][WFA-HT]
2020/02/16-12:43:15,BPGC-NAB,08:4f:a9:39:6a:40,-42dBm,2462MHz,~1.2m,FALSE,[ESS][WFA-HT]
2020/02/16-12:43:15,BPGC-NAB,70:ea:1a:22:97:80,-66dBm,2412MHz,~19.7m,FALSE,[ESS][WFA-HT]
2020/02/16-12:43:15,sks,88:63:df:bb:74:a5,-75dBm,2462MHz,~54.5m,FALSE,[WPA2-PSK-CCMP][RSN-PSK-CCMP][ESS][WFA-HT]
 ,,,,,,,